rain_in,return_period_yr,parcels_flooded,mean_depth_ft,total_damage_usd,avg_damage_per_parcel_usd,exceedance_prob,ead_contribution_usd,portfolio_ead_usd
0.25,1,52,5.1,4981968,95807,1.0,,
0.5,2,188,10.76,29577120,157325,0.5,,
0.75,3,1366,11.03,356864136,261247,0.3333333333333333,,
1.0,5,5116,14.72,1333769041,260705,0.2,,
1.25,7,10623,21.01,2903718927,273342,0.14285714285714285,,
1.5,10,15773,26.18,4305946345,272994,0.1,,
2.0,25,20567,31.14,6448043620,313514,0.04,,
2.5,50,26164,36.03,9615139912,367495,0.02,,
3.0,100,31695,41.28,11278627721,355848,0.01,,1129622657
